date,company_tax,ecommerce_tax,orders,units,source
2025-09-01,4473826540.76,129133672.66,1391.0,45726.539,Reporte subido
2025-09-02,4540808685.53,113790774.85,1253.0,41404.911,Reporte subido
2025-09-03,4318617273.23,128770686.12,1463.0,41319.649,Reporte subido
2025-09-04,4394969550.71,129786282.65,1675.0,42488.513,Reporte subido
2025-09-05,5048151514.59,140880329.57999998,1740.0,44323.141,Reporte subido
2025-09-06,8045494111.79,160388717.47,1615.0,49010.927,Reporte subido
2025-09-07,6041266626.81,76094981.02000001,496.0,11677.17,Reporte subido
2025-09-08,4199620588.9,127667032.49,1227.0,38460.196,Reporte subido
2025-09-09,3954613131.27,112136147.15,1247.0,38287.142,Reporte subido
2025-09-10,3903718453.6,119910828.49,1371.0,32258.374,Reporte subido
2025-09-11,4322578204.84,119602092.78,1703.0,36515.439,Reporte subido
2025-09-12,4241214808.77,159352285.07,1743.0,39771.826,Reporte subido
2025-09-13,6100305142.4,134123610.76,1297.0,32663.112,Reporte subido
2025-09-14,5021459800.49,45561965.53,409.0,8572.505,Reporte subido
2025-09-15,3563817657.5,101052293.45,1046.0,28309.697,Reporte subido
2025-09-16,3408372748.33,98636434.52,919.0,24446.611,Reporte subido
2025-09-17,3550272619.32,122001185.6,1282.0,28823.957,Reporte subido
2025-09-18,3796156504.88,124863282.93,1588.0,35003.709,Reporte subido
2025-09-19,3847995121.57,111577339.36,1392.0,30639.018,Reporte subido
2025-09-20,6339448695.52,134860998.87,1109.0,24360.504,Reporte subido
2025-09-21,5217013323.79,41703189.1,395.0,6662.933,Reporte subido
2025-09-22,2982730003.98,116046759.74,959.0,22330.596,Reporte subido
2025-09-23,3325903080.99,109656227.83,910.0,20294.986,Reporte subido
2025-09-24,4323768324.79,134847414.89,1156.0,23649.795,Reporte subido
2025-09-25,3493515595.64,190605041.07,2360.0,56056.518,Reporte subido
2025-09-26,3982482304.9,232151089.98,2143.0,46222.998,Reporte subido
2025-09-27,6221022262.24,63227902.38,479.0,10236.27,Reporte subido
2025-09-28,5534936892.84,25118472.29,96.0,1073.062,Reporte subido
2025-09-29,83110748.60000001,26976062.53,144.0,2794.663,Reporte subido
2025-09-30,4218914208.52,175720834.64,1648.0,49434.34,Reporte subido
2025-10-01,4747574274.69,135794211.73,1381.0,37707.546,Reporte subido
2025-10-02,4525529919.78,137298383.9,1556.0,39753.187,Reporte subido
2025-10-03,5085998331.38,214023488.85,1921.0,50280.562,Reporte subido
2025-10-04,7879447606.04,213530276.96,1399.0,38572.491,Reporte subido
2025-10-05,6656278409.82,29758774.5,180.0,4304.003,Reporte subido
2025-10-06,4605424240.78,183836697.11,1411.0,44693.956,Reporte subido
2025-10-07,4532339111.66,175976141.68,1172.0,33850.124,Reporte subido
2025-10-08,4428633732.14,153909818.49,1476.0,36730.754,Reporte subido
2025-10-09,4743773758.36,141615779.06,1680.0,38156.582,Reporte subido
2025-10-10,6571346101.89,145480739.16,1476.0,33148.791,Reporte subido
2025-10-11,6383592706.33,153383007.88,1158.0,25743.968,Reporte subido
2025-10-12,5625050331.39,13324662.58,117.0,2341.719,Reporte subido
2025-10-13,3910887282.86,109015425.89,1120.0,29754.933,Reporte subido
2025-10-14,3960597831.64,96512374.75,949.0,22786.825,Reporte subido
2025-10-15,3988546365.24,97640073.07,1106.0,23994.17,Reporte subido
2025-10-16,3899173546.14,116574520.47,1416.0,27678.501,Reporte subido
2025-10-17,4408485421.21,172639289.65,1639.0,33793.368,Reporte subido
2025-10-18,7323960381.75,154955691.36,1339.0,28383.217,Reporte subido
2025-10-19,3755930152.03,29943505.01,103.0,609.005,Reporte subido
2025-10-20,3029926425.85,137539429.61,952.0,19052.11,Reporte subido
2025-10-21,3411186970.81,107293288.28,875.0,19161.642,Reporte subido
2025-10-22,3432476158.64,117508772.53,1072.0,22124.99,Reporte subido
2025-10-23,3407535362.11,115308600.9,1338.0,25768.997,Reporte subido
2025-10-24,4135403028.65,108070292.79,1307.0,29956.947,Reporte subido
2025-10-25,6734825892.42,125394026.34,1187.0,26193.037,Reporte subido
2025-10-26,4528174786.71,9602795.2,161.0,3222.596,Reporte subido
2025-10-27,3098960108.43,95310475.99,1066.0,29318.609,Reporte subido
2025-10-28,3483049802.56,70264002.97,832.0,21611.934,Reporte subido
2025-10-29,2993333371.7,89617169.8,962.0,21377.794,Reporte subido
2025-10-30,6478356121.67,141326380.86,1837.0,49332.48,Reporte subido
2025-10-31,8184527346.69,253301816.64,3093.0,99951.911,Reporte subido
2026-08-01,8480824816.72,128338552.76,1136.0,41368.343,Reporte subido
2026-08-02,7030349304.46,26005064.84,256.0,5586.544,Reporte subido
2026-08-03,5621050741.24,189023058.77,1577.0,57472.815,Reporte subido
2026-08-04,4338655175.31,184263920.01,1549.0,47955.37,Reporte subido
2026-08-05,4081253567.54,128804379.05,1076.0,28865.995,Reporte subido
2026-08-06,4564362280.12,114358287.51,1141.0,29508.714,Reporte subido
2026-08-07,5422637137.92,149103207.46,1512.0,41240.093,Reporte subido
2026-08-08,8299943061.0,148126545.04,1147.0,32791.25,Reporte subido
2026-08-09,7005060912.79,28578124.92,179.0,4953.577,Reporte subido
2026-08-10,4899950421.03,166594318.9,1374.0,42107.182,Reporte subido
2026-08-11,3859898420.02,146062944.59,1220.0,33818.167,Reporte subido
2026-08-12,3861313764.8,113716911.24,906.0,20664.025,Reporte subido
2026-08-13,4646362604.26,104221597.34,1138.0,24777.662,Reporte subido
2026-08-14,4949081307.64,150748928.01,1583.0,34474.457,Reporte subido
2026-08-15,7931327042.52,129971958.61,1150.0,26132.094,Reporte subido
2026-08-16,6363460112.63,25611512.76,180.0,3350.617,Reporte subido
2026-08-17,6704657796.88,106380791.3,1027.0,29071.771,Reporte subido
2026-08-18,3256830140.29,147545326.07999998,1305.0,37675.792,Reporte subido
2026-08-19,3083946472.63,77864770.89,750.0,18537.836,Reporte subido
2026-08-20,3536601028.03,66385784.46,844.0,18793.139,Reporte subido
2026-08-21,4214029567.32,113503688.04,1288.0,29970.795,Reporte subido
2026-08-22,6338641259.21,91063801.39,870.0,21217.765,Reporte subido
2026-08-23,5497647427.09,11437875.63,108.0,2894.937,Reporte subido
2026-08-24,3820994796.93,127396886.43,1139.0,32243.032,Reporte subido
2026-08-25,3219508061.06,90923616.57,843.0,22881.41,Reporte subido
2026-08-26,3117814755.61,68397681.07,621.0,14782.349,Reporte subido
2026-08-27,3477321852.23,74601613.63,862.0,19602.668,Reporte subido
2026-08-28,4602303725.72,98220432.25,1070.0,29367.205,Reporte subido
2026-08-29,7189322085.81,88333546.63,734.0,23067.49,Reporte subido
2026-08-30,5862631306.52,17385514.560000002,132.0,3935.796,Reporte subido
2026-08-31,4754899976.99,114222752.44,960.0,31358.458,Reporte subido
2026-09-01,4573662131.32,154748266.45,1201.0,38448.0,Reporte subido
2026-09-02,4247787993.31,117154576.83,921.0,27197.001,Reporte subido
2026-09-03,4713975219.94,123219464.78,1188.0,33045.718,Reporte subido
2026-09-04,5144121659.4,146989312.64,1502.0,46839.23,Reporte subido
2026-09-05,8603428276.98,161031558.36,1199.0,40514.678,Reporte subido
2026-09-06,7033358270.75,18465243.2,156.0,5523.495000000001,Reporte subido
2026-09-07,5088258854.3,158914434.03,1408.0,48433.371,Reporte subido
2026-09-08,4059520876.1,173774912.04,1473.0,46491.873,Reporte subido
2026-09-09,3628163673.52,100421695.2,896.0,24794.769,Reporte subido
2026-09-10,4054062760.8,103385478.11,1048.0,27256.072,Reporte subido
2026-09-11,4574682157.78,116065540.22,1324.0,36584.9,Reporte subido
2026-09-12,6664076727.190001,123951055.94,1067.0,33600.199,Reporte subido
2026-09-13,5578666237.12,26385186.54,241.0,7475.54,Reporte subido
2026-09-14,4192436626.02,128001356.45,1177.0,39611.48,Reporte subido
2026-09-15,3373077516.91,136735151.66,1184.0,33498.152,Reporte subido
2026-09-16,3186883537.09,70665978.25,654.0,17014.832,Reporte subido
2026-09-17,3644136996.66,83963279.05,1062.0,26629.216,Reporte subido
2026-09-18,3960446424.98,110517477.65,1332.0,30327.64,Reporte subido
2026-09-19,5775491220.66,79449826.76,830.0,21816.394,Reporte subido
2026-09-20,5048423666.48,20464973.99,193.0,5204.143,Reporte subido
2026-09-21,3905549659.21,102090046.29,961.0,29369.246,Reporte subido
2026-09-22,3320354715.41,101931848.78,944.0,27242.147,Reporte subido
2026-09-23,3050038873.12,58725861.19,653.0,15577.161,Reporte subido
2026-09-24,3549017172.48,72529369.84,935.0,21004.216,Reporte subido
2026-09-25,4107184724.52,91123667.67,1110.0,28027.77,Reporte subido
2026-09-26,5946606282.16,72911695.28,773.0,20744.011,Reporte subido
2026-09-27,5546146624.34,5826380.8100000005,67.0,1556.752,Reporte subido
2026-09-28,114471697.43,-549553.75,3.0,75.759,Reporte subido
2026-09-29,5713092911.64,283902299.51,2772.0,92460.806,Reporte subido
2026-09-30,5352108566.25,218342853.92,2086.0,73115.078,Reporte subido
2026-10-01,4957097730.99,226099935.33,2283.0,83745.352,Reporte subido
2026-10-02,5641969086.03,191019866.17000002,1949.0,62984.846,Reporte subido
2026-10-03,8172013743.67,188972364.82,1588.0,52506.431000000004,Reporte subido
2026-10-04,6688410036.86,35113818.03,285.0,9092.821,Reporte subido
2026-10-05,5066907438.65,161994150.38,1367.0,45890.126000000004,Reporte subido
2026-10-06,4167925472.93,181538802.44,1425.0,45015.161,Reporte subido
2026-10-07,4097785655.69,109207771.46,969.0,28775.935,Reporte subido
2026-10-08,4718883458.31,125086061.8,1208.0,29352.488,Reporte subido
